"elev_kon";"vitsord_ma";"vitsord_mo";"medievanor1";"medievanor2";"medievanor3";"dist";"imp";"moto";"rikt";"uppr";"skif";"efig";"efpl";"efutf";"efutv";"attention";"rd_hab_hw";"rd_hab_ls";"rd_pre_hw";"rd_pre_ls";"ses"
"Flicka";9;8;3;1;1;0;0;0;0;0;0;2;0;1;0;3;2,5;3;2,5;7;3
"Flicka";8;9;4;2;2;0;0;0;1;1;0;0;0;0;0;2;2;3,5;5;6,5;2
"Flicka";7;7;2;4;3;3;4;1;6;4;0;3;2;2;0;25;3,5;2;3;2,5;4,5
"Pojke";8;7;3;3;2;0;0;0;0;0;0;0;0;0;0;0;3;1,5;2;2,5;1
"Pojke";9;8;2;4;2;2;2;1;0;0;0;1;1;4;1;12;3,5;1,5;5,5;1,5;2,5
"Pojke";9;8;3;3;3;0;0;0;0;0;0;0;0;0;1;1;3;2,5;4;3,5;4
"Flicka";8;9;2;3;3;0;0;0;0;0;0;0;0;0;0;0;4,5;4,5;4;5;3
"Flicka";10;10;2;4;3;0;0;0;0;0;0;0;0;0;0;0;5;4;6;7;3,5
"Pojke";7;7;3;2;2;2;0;2;1;2;0;0;0;2;0;9;3;1,5;5;2,5;4
"Flicka";8;8;3;4;2;1;2;0;0;0;0;0;0;1;0;4;3,5;3;7;5;4,5
"Pojke";7;7;3;4;4;4;3;2;4;2;2;1;1;1;1;21;4;2,5;5,5;3,5;4,5
"Pojke";8;7;2;2;2;0;0;0;1;1;0;2;0;1;0;5;2,5;1;3;2,5;4
"Pojke";9;9;2;2;4;0;5;2;0;0;0;0;0;0;1;8;3;2;3;2;5
"Flicka";9;8;2;2;3;0;0;0;0;0;0;0;0;0;0;0;3;3;3,5;5,5;3,5
"Flicka";9;9;4;3;3;0;0;0;0;0;0;0;0;0;0;0;3,5;3;7;7;3
"Flicka";9;9;3;3;4;0;0;0;0;0;0;0;0;0;0;0;4;3;6;5;4,5
"Pojke";8;8;2;6;6;0;0;0;0;0;0;0;0;0;0;0;3;3;4;5;4,5
"Flicka";9;8;2;2;1;2;3;0;0;0;0;0;0;2;0;7;4;1,5;4;3;2,5
"Flicka";8;8;2;2;2;2;2;0;1;1;1;1;0;1;0;9;3,5;2,5;5,5;6;3,5
"Flicka";10;9;3;3;2;0;0;0;0;0;0;0;0;0;0;0;2,5;3;4;3,5;5,5
"Pojke";10;9;2;2;3;0;0;0;0;0;0;0;0;0;0;0;2,5;2,5;7;5,5;4,5
"Flicka";8;8;5;2;3;0;1;1;0;0;0;0;0;0;0;2;2,5;4,5;6;6;3,5
"Flicka";9;8;3;3;2;0;0;0;0;0;0;0;0;0;0;0;4;4;5;6;3
"Pojke";9;7;2;2;3;3;8;4;1;0;0;1;0;0;2;19;2,5;2,5;6;5,5;3,5
"Flicka";8;8;4;2;2;0;0;0;0;0;0;0;0;0;0;0;2;3,5;7;5,5;2,5
"Flicka";9;8;3;3;2;0;0;0;0;0;0;0;0;0;0;0;4,5;2,5;5;3;4
"Flicka";9;8;5;5;4;1;2;0;1;0;0;0;0;0;0;4;4,5;3;7;4,5;1,5
"Flicka";9;9;3;2;2;0;0;0;0;0;0;0;0;0;0;0;3;2,5;7;4,5;3,5
"Flicka";8;8;4;4;4;2;4;0;2;0;3;0;2;1;0;14;5;2;7;5,5;1,5
"Flicka";7;8;2;3;2;1;1;0;0;2;1;1;0;2;1;9;5;2,5;7;6;2,5
"Flicka";6;6;4;4;5;1;1;0;0;1;1;3;0;5;1;13;4;2,5;4,5;3;2
"Flicka";7;7;4;5;2;1;2;1;0;1;0;1;1;2;1;10;2,5;1;1;1;2,5
"Pojke";8;7;3;4;4;1;1;0;3;1;1;1;0;2;1;11;3;1,5;3;2;2,5
"Flicka";9;9;4;4;1;0;0;0;0;0;0;0;0;0;0;0;3,5;2;6;5,5;2
"Flicka";8;7;5;4;1;4;6;0;3;4;6;7;4;7;3;44;5,5;1;7;1;2,5
"Pojke";6;6;2;2;2;4;5;3;3;6;4;2;5;5;2;39;3;1;2;1;2,5
"Flicka";8;7;4;7;6;1;4;0;1;1;0;2;1;4;1;15;4,5;2;5;2,5;2
"Pojke";9;8;2;2;1;0;1;0;0;0;0;0;0;0;0;1;3,5;2;4,5;4;3
"Pojke";8;6;3;4;3;5;9;1;8;2;5;5;3;6;3;47;5;1,5;5;2,5;2
"Pojke";9;7;3;2;4;2;3;0;1;0;1;0;0;2;0;9;4;4;6;6,5;4,5
"Flicka";8;8;2;4;2;2;3;0;1;0;1;0;0;1;0;8;4,5;2,5;5,5;5;2
"Flicka";9;8;3;3;1;0;0;0;0;0;1;0;0;0;0;1;3,5;3,5;5;5,5;4,5
"Flicka";9;8;6;6;6;0;0;0;0;0;0;1;0;0;0;1;3;1,5;6;3,5;2
"Flicka";9;8;3;3;2;3;14;6;0;2;0;0;0;2;0;27;4;3;5,5;5,5;4,5
"Pojke";10;7;2;5;4;0;2;1;1;0;0;0;1;2;0;7;5;3,5;5;4;4,5
"Pojke";9;9;4;3;3;0;0;0;0;0;0;0;0;0;0;0;5;5;5;7;3,5
"Pojke";8;7;2;2;2;1;2;1;1;1;0;1;0;3;0;10;3;2;6;4,5;3,5
"Pojke";10;8;4;5;4;0;0;0;0;0;0;0;0;0;0;0;3;3;5;4;4,5
"Flicka";10;9;2;5;4;0;0;0;0;0;0;0;0;0;0;0;5;3;7;5,5;3,5
"Flicka";7;7;4;5;1;0;0;0;0;0;0;1;0;0;0;1;4;2,5;4;3;4
"Flicka";9;9;4;3;1;1;0;0;0;0;0;0;0;0;0;1;4,5;1,5;6;3,5;3,5
"Pojke";8;8;3;2;2;2;8;2;4;8;4;6;4;8;3;49;3,5;2;6;6;4,5
"Flicka";7;5;4;1;1;7;12;3;10;10;8;9;5;12;2;78;4;2,5;1;1,5;4
"Pojke";8;8;3;3;3;4;3;7;2;5;2;2;1;5;0;31;2,5;2,5;2,5;4,5;4,5
"Pojke";8;7;3;3;2;0;10;1;2;0;1;1;2;4;2;23;1,5;4,5;1;6;5
"Pojke";9;9;3;2;3;0;0;0;2;1;0;1;0;1;0;5;2;4,5;0;5,5;5
"Pojke";8;8;3;3;3;1;3;5;2;3;1;2;1;3;1;22;2;6;7;7;4,5
"Flicka";9;9;5;5;1;0;2;0;1;0;0;0;0;0;0;3;2,5;1,5;3;3,5;4,5
"Flicka";7;7;3;2;2;0;0;0;0;0;0;1;0;1;0;2;3;4;5;5;4
"Pojke";7;7;3;2;2;2;0;0;2;3;0;5;1;6;1;20;2;2;2;3;2,5
"Flicka";8;8;3;2;3;0;0;0;0;0;0;0;0;0;0;0;3;2,5;5;4,5;2,5
"Pojke";7;8;2;2;2;0;0;0;0;0;0;0;0;0;0;0;3;2,5;5;4;2
"Flicka";8;7;5;2;2;0;0;0;0;0;0;0;1;0;0;1;3,5;3;3,5;5;2,5
"Flicka";8;8;5;2;1;0;4;0;3;1;1;0;0;3;0;12;2,5;2;1;4,5;4,5
"Flicka";8;9;5;4;4;2;0;0;4;1;0;2;0;3;0;12;3,5;2;6;2,5;5,5
"Pojke";7;7;4;2;2;7;0;0;4;7;4;6;0;6;3;37;4;2;5;4,5;2
"Flicka";9;9;3;3;2;0;0;0;1;0;0;3;0;1;0;5;4;5;6;7;4
"Pojke";8;6;2;2;2;2;2;0;2;0;1;1;0;1;0;9;4;3;3;4;4,5
"Pojke";9;7;3;1;2;1;6;3;2;3;1;2;1;3;3;25;4;4;4;6;4,5
"Flicka";7;7;4;3;3;1;0;1;0;0;0;0;0;0;0;2;3,5;1,5;6;4,5;2,5
"Flicka";9;8;2;3;2;3;0;1;1;2;0;0;0;1;0;8;2;2;3;5;5,5
"Pojke";6;7;3;2;2;7;9;2;7;7;3;6;1;7;2;51;3,5;1,5;4;3;2,5
"Pojke";8;8;3;2;3;0;2;0;0;0;0;0;0;0;0;2;4;2,5;6;4;3,5
"Pojke";8;8;2;2;2;3;5;0;2;0;1;0;0;0;0;11;5;3,5;5;5,5;5,5
"Flicka";7;8;3;3;2;0;0;0;0;0;0;0;0;0;0;0;3;3;5;5;4
"Pojke";5;9;3;5;3;3;4;2;2;6;0;0;0;1;0;18;3;1,5;2;1,5;5
"Flicka";9;9;3;3;1;0;1;0;0;0;0;0;0;0;0;1;5;3;7;2,5;5
"Pojke";8;9;2;3;2;2;3;0;2;0;2;0;1;2;0;12;4,5;2,5;5;5;4
"Pojke";5;6;4;4;3;5;6;4;10;12;3;4;6;7;4;61;2;2,5;2;3;3
"Flicka";7;7;3;1;3;7;16;9;9;5;6;2;7;8;2;71;2;1,5;2;2;1,5
"Flicka";9;9;2;2;2;0;0;0;0;0;0;0;0;0;0;0;2,5;4,5;5,5;7;3
"Pojke";9;9;3;3;4;3;4;0;7;3;3;5;4;9;4;42;3;2;3;4,5;2,5
"Pojke";9;8;2;2;2;1;2;0;3;1;2;2;0;2;1;14;4;2,5;3,5;3;3,5
"Pojke";9;9;4;2;3;5;9;2;8;9;1;5;5;8;3;55;4;4;6;6,5;3
"Pojke";9;9;2;2;3;2;6;9;2;1;0;0;2;21;0;43;3,5;2,5;4;5,5;5,5
"Flicka";9;8;3;2;2;0;3;0;0;0;0;0;1;1;0;5;2,5;1,5;7;2;4
"Flicka";7;8;3;2;2;1;0;0;2;3;0;3;0;2;0;11;2,5;4,5;2,5;7;3
"Flicka";8;8;2;3;3;0;0;0;0;0;0;0;0;0;0;0;2,5;1,5;3;3;4,5
"Pojke";8;8;3;3;3;2;5;2;1;3;0;4;0;4;0;21;3,5;2;2,5;2,5;2,5
"Flicka";7;7;3;3;2;0;2;0;2;0;0;0;0;1;0;5;3;4;7;7;4,5
"Pojke";7;8;2;2;2;3;3;3;1;1;0;0;0;0;2;13;5;3;7;5,5;5,5
"Flicka";8;8;3;3;2;0;2;1;1;1;1;0;1;3;0;10;4;2,5;5;4,5;4,5
"Flicka";7;8;3;4;3;0;0;0;0;0;0;0;0;0;0;0;5;2;5;2,5;5,5
"Flicka";8;9;2;7;2;2;5;0;0;1;0;0;0;0;0;8;1,5;1,5;1;1,5;4
"Flicka";7;7;3;4;1;1;0;0;2;0;0;1;1;0;0;5;3,5;1;4;1,5;3
"Pojke";7;8;4;3;2;0;0;0;0;0;0;0;0;0;0;0;4;1,5;7;3;4,5
"Pojke";9;8;2;4;5;4;4;3;2;1;1;1;1;0;2;19;4;2;3;2,5;5
"Flicka";8;8;4;4;1;0;0;0;0;0;0;0;0;0;0;0;3,5;2;7;3,5;4
"Pojke";8;8;3;2;4;1;0;1;0;2;1;1;1;1;0;8;3;1;3,5;2,5;4
"Flicka";9;9;4;4;2;0;0;0;0;0;0;0;0;0;0;0;3,5;3,5;5;3,5;2,5
"Flicka";8;8;4;3;2;0;0;0;0;0;0;0;0;0;0;0;4;2;6;5;4,5
"Flicka";10;10;2;3;1;0;0;0;0;0;0;0;0;0;0;0;4;2,5;6;5;5
"Flicka";9;9;3;6;1;0;0;0;0;0;0;0;0;0;0;0;2,5;1,5;4;3;2,5
"Flicka";8;9;4;7;2;0;0;0;0;0;0;0;0;0;0;0;3;2,5;5;5;4
"Flicka";8;8;2;2;2;0;2;0;0;0;0;0;0;1;1;4;4,5;3;6;4;1,5
"Flicka";9;8;3;2;2;0;0;0;0;0;0;0;0;0;0;0;3;3;7;7;2,5
"Pojke";7;5;4;4;2;7;12;0;10;11;7;8;7;14;6;82;4;1,5;4;1;1,5
"Flicka";8;8;3;3;3;0;0;0;0;0;0;0;0;0;0;0;3;3,5;6;6;4
"Flicka";6;6;4;3;2;5;3;0;4;7;4;6;0;4;0;33;5;3;6;5;5
"Flicka";10;9;4;2;3;0;0;0;0;0;0;0;0;0;0;0;4;3,5;5,5;7;5
"Flicka";8;8;2;3;2;0;0;0;0;0;0;0;1;0;0;1;5;3;6;3;4,5
"Pojke";7;7;3;2;4;3;5;2;9;6;4;7;4;12;1;53;2,5;2;3;3,5;3,5
"Flicka";10;10;2;2;2;2;1;0;6;0;3;3;2;2;1;20;2,5;4,5;6;7;5
"Pojke";9,5;10;3;4;4;0;0;0;0;0;0;0;0;1;0;1;4,5;4;7;7;2
"Pojke";8;8;4;4;4;7;11;9;0;11;0;8;4;8;3;61;3;1,5;2;3;2,5
"Pojke";9;9;4;4;4;4;10;7;4;6;1;5;1;3;0;41;2;1,5;2,5;2,5;3,5
"Flicka";7;8;3;1;2;0;4;1;4;0;0;0;0;1;0;10;2,5;3,5;6,5;6;3
"Pojke";6;6;5;2;2;7;8;8;10;11;6;8;2;11;4;75;2,5;1;4,5;3;3
"Pojke";8;6;5;2;4;3;6;4;6;6;3;7;4;8;2;49;3;1,5;1;2;2
"Pojke";9;8;3;5;5;3;3;1;0;0;0;0;0;0;0;7;3,5;1;2,5;2,5;3,5
"Pojke";8;7;2;4;2;3;3;1;1;0;0;1;0;1;0;10;4;1;4;1;2
"Pojke";9;8;3;3;3;3;9;2;0;0;0;0;1;2;1;18;4;3,5;4,5;4,5;3,5
"Flicka";9;9;2;3;3;4;1;2;0;0;0;0;0;0;0;7;2,5;4;4;7;4
"Pojke";9;8;3;3;4;0;1;1;1;0;0;0;0;0;0;3;3;2,5;4;4;4
"Flicka";8;9;2;6;3;0;1;0;0;0;0;0;0;0;1;2;3;2;3;3;3
"Pojke";8;7;2;2;3;2;8;5;6;9;5;4;5;7;3;54;4;1,5;3,5;2;4
"Pojke";7;7;4;4;4;4;9;5;6;9;6;7;6;8;2;62;2;1;4;1,5;4
"Pojke";9;8;2;3;2;1;8;1;1;1;2;0;2;2;0;18;1,5;2;2,5;1,5;4,5
"Flicka";10;8;3;4;1;0;0;0;0;0;0;0;0;0;0;0;4;1,5;6;4,5;4,5
"Flicka";8;8;4;2;2;2;1;1;2;0;0;1;0;2;0;9;3;3;5;5;4
"Pojke";9;8;3;2;3;6;8;10;2;7;2;2;1;4;2;44;2;1,5;2,5;1;5
"Flicka";9;8;3;3;4;0;3;0;0;0;0;0;0;0;0;3;3,5;2;6;4,5;5
"Pojke";9;8;2;4;3;0;6;1;0;0;0;0;0;0;0;7;3,5;4;7;7;3,5
"Flicka";9;7;4;3;2;0;0;0;0;0;0;0;0;0;0;0;4;3,5;6;6,5;3
"Pojke";8;7;3;3;2;0;0;0;4;0;0;0;0;2;0;6;4;5;2,5;6,5;3,5
"Pojke";8;8;2;2;2;2;7;0;2;2;1;1;1;1;1;18;4;1,5;7;4,5;4
"Pojke";8;8;3;4;2;3;5;2;2;1;0;1;2;3;0;19;4;2,5;6;3,5;4,5
"Flicka";9;9;3;2;3;0;0;0;0;0;0;0;0;0;0;0;3,5;1,5;6;3;4
"Pojke";7;6;3;4;4;3;8;4;2;4;1;3;1;5;1;32;2,5;2;4;5,5;3
"Flicka";9;9;3;5;3;5;5;2;1;1;2;0;1;2;0;19;3;3,5;4,5;5,5;5
"Flicka";8;9;4;3;2;0;0;0;1;0;0;1;0;0;0;2;3;1,5;4,5;3;2
"Flicka";8;8;2;2;1;1;2;1;0;0;0;0;0;0;0;4;2,5;3;6;5,5;3,5
"Pojke";8;9;2;3;4;0;1;0;0;1;0;1;0;2;1;6;2,5;1,5;6;5;5
"Pojke";6;6;2;3;2;3;8;5;9;7;5;7;5;7;6;62;2,5;1,5;4;4;5
"Flicka";9;9;2;2;2;1;0;0;0;2;0;0;1;2;0;6;2,5;3;6;5;4,5
"Pojke";9;8;2;2;2;0;8;6;3;0;0;2;0;1;3;23;2,5;3,5;6;7;4
"Pojke";7;7;3;3;2;4;12;8;6;3;6;6;4;7;4;60;2,5;1;2,5;0;3
"Pojke";9;9;4;4;3;1;0;0;0;0;0;0;0;0;0;1;4,5;2,5;6;4,5;3,5
"Flicka";9;9;3;3;2;1;0;0;0;0;0;0;0;0;0;1;3;2;7;2;5
"Flicka";8;8;3;3;3;1;3;1;1;0;0;1;0;1;0;8;3,5;1,5;4;2;4,5
"Pojke";8;7;2;4;2;2;1;1;1;1;0;2;0;2;0;10;3;2;3;3;4,5
"Flicka";8;8;3;3;1;0;0;0;0;0;0;0;0;0;0;0;5;3,5;6;5,5;4
"Flicka";8;8;5;2;2;0;0;0;0;0;0;0;0;0;0;0;3,5;2,5;5;5,5;3,5
"Flicka";6;6;4;3;2;4;1;0;9;5;1;2;1;2;1;26;4;2,5;5;3,5;2
"Pojke";8;7;4;2;3;8;15;12;5;11;6;5;6;15;5;88;3;2,5;2,5;4;5
"Flicka";9;9;3;1;2;0;0;0;0;0;0;0;0;0;0;0;4;1,5;5,5;3,5;3
"Pojke";7;7;4;3;2;5;10;10;4;5;2;4;2;5;2;49;2;1,5;4;4;3,5
"Flicka";9;9;2;2;2;0;0;0;0;0;0;0;0;0;0;0;5;5;5;7;4,5
"Flicka";8;8;3;3;2;4;5;1;5;8;3;5;2;5;1;39;4;4,5;4;6,5;3,5
"Flicka";9;9;3;2;2;0;0;0;0;0;0;0;0;0;0;0;3,5;3;7;5,5;5
"Flicka";5;6;4;4;3;0;0;0;1;0;3;2;0;3;1;10;4;3;3;3;3,5
"Pojke";8,25;7,25;3;3;3;3;6;3;0;0;1;0;3;2;1;19;3;3,5;4;6,5;5,5
"Pojke";9;10;3;2;4;0;0;0;0;0;0;0;0;0;0;0;3,5;3,5;3;6;5
"Flicka";9;9;3;5;2;0;0;0;0;0;0;0;0;0;0;0;4;1,5;7;4;5,5
"Pojke";8;8;5;7;5;2;1;0;0;0;0;0;0;1;0;4;3,5;3;6;5;4
"Pojke";9;9;4;5;2;1;1;1;0;0;0;0;0;0;0;3;5;3;6;7;1,5
"Pojke";9;8;2;3;4;0;0;2;0;1;0;0;0;0;2;5;2;2,5;4;4;4,5
"Pojke";7;7;2;7;7;0;0;0;1;1;0;3;0;1;2;8;2,5;3;3;4;3,5
"Flicka";8;9;3;7;2;0;0;0;1;0;0;0;0;0;0;1;2;2;3;4,5;3,5
"Flicka";9;8;4;4;2;0;0;0;0;0;0;0;0;0;0;0;3,5;2;4;3,5;3,5
"Pojke";10;9;2;1;2;0;0;0;1;1;1;0;0;1;0;4;2,5;3,5;3,5;6;5
"Pojke";9;8;2;5;3;2;6;2;3;2;1;1;0;0;1;18;2,5;4;7;4,5;3
"Pojke";8;8;2;3;3;0;4;2;0;0;0;0;0;0;1;7;4;3,5;3;5;3
"Flicka";7;8;4;3;3;0;0;0;0;0;0;0;0;0;0;0;2;1,5;6,5;3,5;4,5
"Flicka";8;8;3;3;2;0;0;0;0;0;0;0;0;0;0;0;3;2;5,5;5;4,5
"Pojke";9;8;2;2;2;0;0;0;1;0;0;1;0;0;0;2;4;4,5;5,5;6;4
"Flicka";9;8;2;2;2;0;0;0;1;1;0;0;0;1;0;3;4;2,5;5;3,5;3,5
"Pojke";8;8;4;4;4;1;1;0;6;5;2;4;1;2;0;22;3,5;3;5;4,5;5
"Flicka";9;9;2;2;2;0;0;0;0;0;0;0;0;0;0;0;3,5;2,5;4;4;4,5
"Flicka";9;9;5;5;2;0;0;0;0;0;0;0;0;0;0;0;5;1,5;4;4;4
"Flicka";10;9;4;4;3;0;0;0;0;0;0;0;0;0;0;0;4;4;6;7;5,5
"Pojke";7;6;4;4;3;3;9;10;4;5;5;4;5;7;5;57;3,5;2;4;5;3,5
"Flicka";8;8;3;3;1;6;3;1;4;5;1;5;4;10;1;40;4;1,5;2,5;1;4
"Pojke";9;7;2;3;3;8;14;12;7;7;5;9;8;10;5;85;3,5;1,5;2;2,5;2,5
"Flicka";9;9;3;3;2;0;0;0;0;0;0;0;0;0;0;0;5;1,5;7;2,5;5,5
"Pojke";9;8;5;7;3;0;0;0;0;0;0;0;0;0;0;0;4,5;1,5;7;2;2,5
"Pojke";6;7;3;6;6;0;1;0;2;1;0;3;0;1;0;8;3;1,5;1,5;2,5;3,5
"Flicka";9;8;3;3;3;1;0;0;0;0;0;0;0;0;0;1;3,5;1;4;1;2
"Flicka";9;10;3;4;2;0;0;0;0;0;0;0;0;0;0;0;3,5;5;5;7;5
"Flicka";9;9;4;4;1;0;0;0;0;0;0;1;0;0;0;1;3,5;2,5;4;4;1,5
"Flicka";9;9;4;6;2;3;5;1;1;1;1;0;2;0;0;14;2;3,5;2,5;6,5;4,5
"Flicka";10;8;2;2;2;0;0;0;0;0;0;0;0;0;0;0;2,5;2,5;2,5;6,5;4
